Input.content,Answer.sentiment
"{RT @CNNPolitics: Nigel Farage and Donald Trump have a ""very productive"" meeting at Trump Tower }",Positive
"{RT @CNNPolitics: Nigel Farage and Donald Trump have a ""very productive"" meeting at Trump Tower }",Positive
"{RT @CNNPolitics: Nigel Farage and Donald Trump have a ""very productive"" meeting at Trump Tower }",Positive
"{RT @CNNPolitics: Nigel Farage and Donald Trump have a ""very productive"" meeting at Trump Tower }",Positive
{Chappelle is right: Trump needs to earn our support },Negative
{Chappelle is right: Trump needs to earn our support },Positive
{Chappelle is right: Trump needs to earn our support },Positive
{Chappelle is right: Trump needs to earn our support },Positive
"{After Trump win, New Yorkers volunteer to aid fearful commuters }",Negative
"{After Trump win, New Yorkers volunteer to aid fearful commuters }",Positive
"{After Trump win, New Yorkers volunteer to aid fearful commuters }",Positive
"{After Trump win, New Yorkers volunteer to aid fearful commuters }",Negative
"{RT @CNNPolitics: Speaker Ryan: ""We are not planning on erecting a deportation force"" }",Positive
"{RT @CNNPolitics: Speaker Ryan: ""We are not planning on erecting a deportation force"" }",Positive
"{RT @CNNPolitics: Speaker Ryan: ""We are not planning on erecting a deportation force"" }",Negative
"{RT @CNNPolitics: Speaker Ryan: ""We are not planning on erecting a deportation force"" }",Negative
{Sources: Trump is expected to pick Reince Priebus as White House chief of staff },Positive
{Sources: Trump is expected to pick Reince Priebus as White House chief of staff },Positive
{Sources: Trump is expected to pick Reince Priebus as White House chief of staff },Positive
{Sources: Trump is expected to pick Reince Priebus as White House chief of staff },Positive
{Inside Donald Trump's America: What the newly minted US President-elect has promised },Positive
{Inside Donald Trump's America: What the newly minted US President-elect has promised },Positive
{Inside Donald Trump's America: What the newly minted US President-elect has promised },Positive
{Inside Donald Trump's America: What the newly minted US President-elect has promised },Positive
{Trump's attorneys ask for the Trump University trial to be postponed until after his swearing-in… },Negative
{Trump's attorneys ask for the Trump University trial to be postponed until after his swearing-in… },Negative
{Trump's attorneys ask for the Trump University trial to be postponed until after his swearing-in… },Negative
{Trump's attorneys ask for the Trump University trial to be postponed until after his swearing-in… },Negative
"{""You need to back off"": Van Jones, Trump supporter clash }",Negative
"{""You need to back off"": Van Jones, Trump supporter clash }",Positive
"{""You need to back off"": Van Jones, Trump supporter clash }",Negative
"{""You need to back off"": Van Jones, Trump supporter clash }",Negative
"{RT @CNNPolitics: Carl Icahn supports Trump, but he doesn't agree with all of the President-elect's policies }",Negative
"{RT @CNNPolitics: Carl Icahn supports Trump, but he doesn't agree with all of the President-elect's policies }",Negative
"{RT @CNNPolitics: Carl Icahn supports Trump, but he doesn't agree with all of the President-elect's policies }",Positive
"{RT @CNNPolitics: Carl Icahn supports Trump, but he doesn't agree with all of the President-elect's policies }",Negative
"{American Muslims express shock, fear and resolve after US presidential election }",Negative
"{American Muslims express shock, fear and resolve after US presidential election }",Negative
"{American Muslims express shock, fear and resolve after US presidential election }",Negative
"{American Muslims express shock, fear and resolve after US presidential election }",Negative
{President-elect Donald Trump is continuing his battle with one of the country's biggest news outlets… },Negative
{President-elect Donald Trump is continuing his battle with one of the country's biggest news outlets… },Negative
{President-elect Donald Trump is continuing his battle with one of the country's biggest news outlets… },Negative
{President-elect Donald Trump is continuing his battle with one of the country's biggest news outlets… },Positive
{The scene as anti-Trump protesters gather in downtown Chicago },Negative
{The scene as anti-Trump protesters gather in downtown Chicago },Negative
{The scene as anti-Trump protesters gather in downtown Chicago },Negative
{The scene as anti-Trump protesters gather in downtown Chicago },Negative
"{Ohio Trump voter: ""I'm not an angry, white, old man... [Trump] came along at the time where people were just fed up"" }",Positive
"{Ohio Trump voter: ""I'm not an angry, white, old man... [Trump] came along at the time where people were just fed up"" }",Negative
"{Ohio Trump voter: ""I'm not an angry, white, old man... [Trump] came along at the time where people were just fed up"" }",Positive
"{Ohio Trump voter: ""I'm not an angry, white, old man... [Trump] came along at the time where people were just fed up"" }",Positive
{Here's what Donald Trump thinks of other countries around the world },Positive
{Here's what Donald Trump thinks of other countries around the world },Positive
{Here's what Donald Trump thinks of other countries around the world },Positive
{Here's what Donald Trump thinks of other countries around the world },Positive
{Reporter's notebook: The Donald Trump victory we didn't see coming },Negative
{Reporter's notebook: The Donald Trump victory we didn't see coming },Negative
{Reporter's notebook: The Donald Trump victory we didn't see coming },Negative
{Reporter's notebook: The Donald Trump victory we didn't see coming },Negative
{Mexico is stunned by Donald Trump's US presidential election win },Negative
{Mexico is stunned by Donald Trump's US presidential election win },Negative
{Mexico is stunned by Donald Trump's US presidential election win },Negative
{Mexico is stunned by Donald Trump's US presidential election win },Negative
{New York protester on Donald Trump: I came to the US to get away from people like that },Negative
{New York protester on Donald Trump: I came to the US to get away from people like that },Positive
{New York protester on Donald Trump: I came to the US to get away from people like that },Positive
{New York protester on Donald Trump: I came to the US to get away from people like that },Negative
{RT @CNNMoney: Similar positions on trade could help the UAW and Trump become allies. },Negative
{RT @CNNMoney: Similar positions on trade could help the UAW and Trump become allies. },Positive
{RT @CNNMoney: Similar positions on trade could help the UAW and Trump become allies. },Positive
{RT @CNNMoney: Similar positions on trade could help the UAW and Trump become allies. },Positive
"{State-by-state, this is how Donald Trump won }",Positive
"{State-by-state, this is how Donald Trump won }",Negative
"{State-by-state, this is how Donald Trump won }",Positive
"{State-by-state, this is how Donald Trump won }",Positive
{The secret Trump support that helped him win },Positive
{The secret Trump support that helped him win },Positive
{The secret Trump support that helped him win },Positive
{The secret Trump support that helped him win },Positive
"{NY protester: I'll respect Trump as president, but ""I’m going to fight every single day to make sure he’s one-term” }",Positive
"{NY protester: I'll respect Trump as president, but ""I’m going to fight every single day to make sure he’s one-term” }",Positive
"{NY protester: I'll respect Trump as president, but ""I’m going to fight every single day to make sure he’s one-term” }",Negative
"{NY protester: I'll respect Trump as president, but ""I’m going to fight every single day to make sure he’s one-term” }",Negative
"{Rudy Giuliani on Trump's children: ""Once he gets into government, they will not be advising him"" #CNNSOTU }",Positive
"{Rudy Giuliani on Trump's children: ""Once he gets into government, they will not be advising him"" #CNNSOTU }",Negative
"{Rudy Giuliani on Trump's children: ""Once he gets into government, they will not be advising him"" #CNNSOTU }",Positive
"{Rudy Giuliani on Trump's children: ""Once he gets into government, they will not be advising him"" #CNNSOTU }",Negative
"{Rep. Chris Collins: I could be a ""go-between” for Donald Trump and Paul Ryan }",Positive
"{Rep. Chris Collins: I could be a ""go-between” for Donald Trump and Paul Ryan }",Positive
"{Rep. Chris Collins: I could be a ""go-between” for Donald Trump and Paul Ryan }",Positive
"{Rep. Chris Collins: I could be a ""go-between” for Donald Trump and Paul Ryan }",Positive
"{Kellyanne Conway: Trump is considering a ""special session"" to repeal Obamacare on Inauguration Day… }",Positive
"{Kellyanne Conway: Trump is considering a ""special session"" to repeal Obamacare on Inauguration Day… }",Negative
"{Kellyanne Conway: Trump is considering a ""special session"" to repeal Obamacare on Inauguration Day… }",Positive
"{Kellyanne Conway: Trump is considering a ""special session"" to repeal Obamacare on Inauguration Day… }",Positive
{Protesters take to the streets in several cities after Donald Trump's US presidential win },Negative
{Protesters take to the streets in several cities after Donald Trump's US presidential win },Negative
{Protesters take to the streets in several cities after Donald Trump's US presidential win },Negative
{Protesters take to the streets in several cities after Donald Trump's US presidential win },Negative
"{.@FareedZakaria on Trump win: ""We have all managed to ignore rural America"" adds ""we all need to be listening"" now }",Positive
"{.@FareedZakaria on Trump win: ""We have all managed to ignore rural America"" adds ""we all need to be listening"" now }",Negative
"{.@FareedZakaria on Trump win: ""We have all managed to ignore rural America"" adds ""we all need to be listening"" now }",Positive
"{.@FareedZakaria on Trump win: ""We have all managed to ignore rural America"" adds ""we all need to be listening"" now }",Negative
{Who could be in the Donald Trump administration? },Positive
{Who could be in the Donald Trump administration? },Positive
{Who could be in the Donald Trump administration? },Negative
{Who could be in the Donald Trump administration? },Positive
{Giuliani denies Russian officials' claims they'd been in touch with Trump's campaign },Negative
{Giuliani denies Russian officials' claims they'd been in touch with Trump's campaign },Positive
{Giuliani denies Russian officials' claims they'd been in touch with Trump's campaign },Negative
{Giuliani denies Russian officials' claims they'd been in touch with Trump's campaign },Positive
{Protesters gather near Trump Tower in New York over election results },Negative
{Protesters gather near Trump Tower in New York over election results },Negative
{Protesters gather near Trump Tower in New York over election results },Negative
{Protesters gather near Trump Tower in New York over election results },Negative
"{Ed Rendell: ""This was not the time"" Hillary Clinton should have run for president }",Positive
"{Ed Rendell: ""This was not the time"" Hillary Clinton should have run for president }",Negative
"{Ed Rendell: ""This was not the time"" Hillary Clinton should have run for president }",Negative
"{Ed Rendell: ""This was not the time"" Hillary Clinton should have run for president }",Negative
"{.@secupp on why Democrats have agreed to work with Trump: ""At the end of the day, the country still needs running"" }",Positive
"{.@secupp on why Democrats have agreed to work with Trump: ""At the end of the day, the country still needs running"" }",Positive
"{.@secupp on why Democrats have agreed to work with Trump: ""At the end of the day, the country still needs running"" }",Positive
"{.@secupp on why Democrats have agreed to work with Trump: ""At the end of the day, the country still needs running"" }",Positive
"{""Well, I may have to start packing""",Negative
"{""Well, I may have to start packing""",Positive
"{""Well, I may have to start packing""",Positive
"{""Well, I may have to start packing""",Positive
{What Donald Trump taught us about ourselves },Positive
{What Donald Trump taught us about ourselves },Positive
{What Donald Trump taught us about ourselves },Positive
{What Donald Trump taught us about ourselves },Positive
"Ruline Steininger, a 103-year-old Clinton supporter, reacts to election result… }",Positive
"Ruline Steininger, a 103-year-old Clinton supporter, reacts to election result… }",Negative
"Ruline Steininger, a 103-year-old Clinton supporter, reacts to election result… }",Positive
"Ruline Steininger, a 103-year-old Clinton supporter, reacts to election result… }",Negative
"{Speaker Paul Ryan: ""We are not planning on erecting a deportation force"" }",Positive
"{Speaker Paul Ryan: ""We are not planning on erecting a deportation force"" }",Positive
"{Speaker Paul Ryan: ""We are not planning on erecting a deportation force"" }",Positive
"{Speaker Paul Ryan: ""We are not planning on erecting a deportation force"" }",Negative
"{Rudy Giuliani on Trump's children: ""Once he gets into government, they will not be advising him"" #CNNSOTU }",Positive
"{Rudy Giuliani on Trump's children: ""Once he gets into government, they will not be advising him"" #CNNSOTU }",Positive
"{Rudy Giuliani on Trump's children: ""Once he gets into government, they will not be advising him"" #CNNSOTU }",Positive
"{Rudy Giuliani on Trump's children: ""Once he gets into government, they will not be advising him"" #CNNSOTU }",Negative
"{Speaker Paul Ryan on people afraid of Trump: ""I hate it that people feel this way"" }",Negative
"{Speaker Paul Ryan on people afraid of Trump: ""I hate it that people feel this way"" }",Negative
"{Speaker Paul Ryan on people afraid of Trump: ""I hate it that people feel this way"" }",Negative
"{Speaker Paul Ryan on people afraid of Trump: ""I hate it that people feel this way"" }",Positive
{Here's what Donald Trump thinks of other countries around the world },Positive
{Here's what Donald Trump thinks of other countries around the world },Positive
{Here's what Donald Trump thinks of other countries around the world },Positive
{Here's what Donald Trump thinks of other countries around the world },Positive
"{""Everybody can take a deep breath now"": Oprah says she has ""hope"" for America }",Positive
"{""Everybody can take a deep breath now"": Oprah says she has ""hope"" for America }",Positive
"{""Everybody can take a deep breath now"": Oprah says she has ""hope"" for America }",Positive
"{""Everybody can take a deep breath now"": Oprah says she has ""hope"" for America }",Negative
"{Reid: ""Watching white nationalists celebrate while innocent Americans cry tears of fear does not feel like America""… }",Positive
"{Reid: ""Watching white nationalists celebrate while innocent Americans cry tears of fear does not feel like America""… }",Negative
"{Reid: ""Watching white nationalists celebrate while innocent Americans cry tears of fear does not feel like America""… }",Negative
"{Reid: ""Watching white nationalists celebrate while innocent Americans cry tears of fear does not feel like America""… }",Negative
{Clinton to donors: FBI letters were double whammy to campaign },Negative
{Clinton to donors: FBI letters were double whammy to campaign },Positive
{Clinton to donors: FBI letters were double whammy to campaign },Positive
{Clinton to donors: FBI letters were double whammy to campaign },Negative
{Is Donald Trump already walking away from campaign promises? },Negative
{Is Donald Trump already walking away from campaign promises? },Negative
{Is Donald Trump already walking away from campaign promises? },Negative
{Is Donald Trump already walking away from campaign promises? },Positive
"{""It's a little nutty"": Poll expert @SamWangPhD eats a bug live on air after being wrong about Trump win… }",Negative
"{""It's a little nutty"": Poll expert @SamWangPhD eats a bug live on air after being wrong about Trump win… }",Negative
"{""It's a little nutty"": Poll expert @SamWangPhD eats a bug live on air after being wrong about Trump win… }",Negative
"{""It's a little nutty"": Poll expert @SamWangPhD eats a bug live on air after being wrong about Trump win… }",Positive
{Political mega-donors found themselves sidelined as Donald Trump marched to victory. },Negative
{Political mega-donors found themselves sidelined as Donald Trump marched to victory. },Negative
{Political mega-donors found themselves sidelined as Donald Trump marched to victory. },Negative
{Political mega-donors found themselves sidelined as Donald Trump marched to victory. },Positive
{RT @CNNPolitics: Donald Trump describes Hillary Clinton's concession call },Negative
{RT @CNNPolitics: Donald Trump describes Hillary Clinton's concession call },Positive
{RT @CNNPolitics: Donald Trump describes Hillary Clinton's concession call },Positive
{RT @CNNPolitics: Donald Trump describes Hillary Clinton's concession call },Positive
"{Reid: ""Watching white nationalists celebrate while innocent Americans cry tears of fear does not feel like America""… }",Negative
"{Reid: ""Watching white nationalists celebrate while innocent Americans cry tears of fear does not feel like America""… }",Negative
"{Reid: ""Watching white nationalists celebrate while innocent Americans cry tears of fear does not feel like America""… }",Positive
"{Reid: ""Watching white nationalists celebrate while innocent Americans cry tears of fear does not feel like America""… }",Negative
"{""Everybody can take a deep breath now"": Oprah says she has ""hope"" for America }",Positive
"{""Everybody can take a deep breath now"": Oprah says she has ""hope"" for America }",Positive
"{""Everybody can take a deep breath now"": Oprah says she has ""hope"" for America }",Positive
"{""Everybody can take a deep breath now"": Oprah says she has ""hope"" for America }",Positive
"{""It's a little nutty"": Poll expert @SamWangPhD eats a bug live on air after being wrong about Trump win. }",Negative
"{""It's a little nutty"": Poll expert @SamWangPhD eats a bug live on air after being wrong about Trump win. }",Negative
"{""It's a little nutty"": Poll expert @SamWangPhD eats a bug live on air after being wrong about Trump win. }",Positive
"{""It's a little nutty"": Poll expert @SamWangPhD eats a bug live on air after being wrong about Trump win. }",Negative
"{Reid: ""Watching white nationalists celebrate while innocent Americans cry tears of fear does not feel like America""… }",Negative
"{Reid: ""Watching white nationalists celebrate while innocent Americans cry tears of fear does not feel like America""… }",Negative
"{Reid: ""Watching white nationalists celebrate while innocent Americans cry tears of fear does not feel like America""… }",Negative
"{Reid: ""Watching white nationalists celebrate while innocent Americans cry tears of fear does not feel like America""… }",Positive
{Donald Trump says he hasn't spoken to Chinese President Xi Jinping. State-run media says he has.… },Positive
{Donald Trump says he hasn't spoken to Chinese President Xi Jinping. State-run media says he has.… },Negative
{Donald Trump says he hasn't spoken to Chinese President Xi Jinping. State-run media says he has.… },Negative
{Donald Trump says he hasn't spoken to Chinese President Xi Jinping. State-run media says he has.… },Positive
{.@glennbeck to @donlemon: Not all Muslims are terrorists and not all Trump supporters are bigots and racists  },Positive
{.@glennbeck to @donlemon: Not all Muslims are terrorists and not all Trump supporters are bigots and racists  },Positive
{.@glennbeck to @donlemon: Not all Muslims are terrorists and not all Trump supporters are bigots and racists  },Positive
{.@glennbeck to @donlemon: Not all Muslims are terrorists and not all Trump supporters are bigots and racists  },Positive
{First on CNN: Tea Party Patriots warn against Reince Priebus for chief of staff in Donald Trump's White House… },Negative
{First on CNN: Tea Party Patriots warn against Reince Priebus for chief of staff in Donald Trump's White House… },Negative
{First on CNN: Tea Party Patriots warn against Reince Priebus for chief of staff in Donald Trump's White House… },Negative
{First on CNN: Tea Party Patriots warn against Reince Priebus for chief of staff in Donald Trump's White House… },Negative
"{""Everybody can take a deep breath now"": Oprah says she has ""hope"" for America }",Negative
"{""Everybody can take a deep breath now"": Oprah says she has ""hope"" for America }",Positive
"{""Everybody can take a deep breath now"": Oprah says she has ""hope"" for America }",Positive
"{""Everybody can take a deep breath now"": Oprah says she has ""hope"" for America }",Positive
{Jorge Ramos speaks to @andersoncooper: Don’t forget who Donald Trump is and what he said in the past },Negative
{Jorge Ramos speaks to @andersoncooper: Don’t forget who Donald Trump is and what he said in the past },Positive
{Jorge Ramos speaks to @andersoncooper: Don’t forget who Donald Trump is and what he said in the past },Negative
{Jorge Ramos speaks to @andersoncooper: Don’t forget who Donald Trump is and what he said in the past },Negative
"{Anti-Trump protesters in Atlanta burned an American flag near the Georgia State Capitol building, police say… }",Negative
"{Anti-Trump protesters in Atlanta burned an American flag near the Georgia State Capitol building, police say… }",Negative
"{Anti-Trump protesters in Atlanta burned an American flag near the Georgia State Capitol building, police say… }",Positive
"{Anti-Trump protesters in Atlanta burned an American flag near the Georgia State Capitol building, police say… }",Negative
"{Hillary Clinton to campaign volunteers: ""These have been very, very tough days"" }",Negative
"{Hillary Clinton to campaign volunteers: ""These have been very, very tough days"" }",Negative
"{Hillary Clinton to campaign volunteers: ""These have been very, very tough days"" }",Negative
"{Hillary Clinton to campaign volunteers: ""These have been very, very tough days"" }",Negative
"{.@AsraNomani on why she voted for Trump: I hope we will deal honestly, without obfuscation, with Islamic extremism }",Positive
"{.@AsraNomani on why she voted for Trump: I hope we will deal honestly, without obfuscation, with Islamic extremism }",Positive
"{.@AsraNomani on why she voted for Trump: I hope we will deal honestly, without obfuscation, with Islamic extremism }",Positive
"{.@AsraNomani on why she voted for Trump: I hope we will deal honestly, without obfuscation, with Islamic extremism }",Negative
"{.@AsraNomani on why she voted for Donald Trump: ""The condition of my life has not improved over the last 8 years"" }",Negative
"{.@AsraNomani on why she voted for Donald Trump: ""The condition of my life has not improved over the last 8 years"" }",Negative
"{.@AsraNomani on why she voted for Donald Trump: ""The condition of my life has not improved over the last 8 years"" }",Negative
"{.@AsraNomani on why she voted for Donald Trump: ""The condition of my life has not improved over the last 8 years"" }",Negative
{Warren Buffett on President-elect Trump: 'He deserves everybody's respect' },Positive
{Warren Buffett on President-elect Trump: 'He deserves everybody's respect' },Positive
{Warren Buffett on President-elect Trump: 'He deserves everybody's respect' },Positive
{Warren Buffett on President-elect Trump: 'He deserves everybody's respect' },Positive
"{President-elect Donald Trump says Hillary Clinton made a ""lovely"" phone call to him to concede the presidential rac… }",Positive
"{President-elect Donald Trump says Hillary Clinton made a ""lovely"" phone call to him to concede the presidential rac… }",Positive
"{President-elect Donald Trump says Hillary Clinton made a ""lovely"" phone call to him to concede the presidential rac… }",Negative
"{President-elect Donald Trump says Hillary Clinton made a ""lovely"" phone call to him to concede the presidential rac… }",Positive
{Climate change experts are increasingly terrified by Donald Trump's presidency },Negative
{Climate change experts are increasingly terrified by Donald Trump's presidency },Negative
{Climate change experts are increasingly terrified by Donald Trump's presidency },Negative
{Climate change experts are increasingly terrified by Donald Trump's presidency },Negative
{Why gun stocks are plunging since Donald Trump won },Negative
{Why gun stocks are plunging since Donald Trump won },Negative
{Why gun stocks are plunging since Donald Trump won },Negative
{Why gun stocks are plunging since Donald Trump won },Negative
{North Carolina GOP condemns KKK parade honoring President-elect Donald Trump },Negative
{North Carolina GOP condemns KKK parade honoring President-elect Donald Trump },Negative
{North Carolina GOP condemns KKK parade honoring President-elect Donald Trump },Positive
{North Carolina GOP condemns KKK parade honoring President-elect Donald Trump },Negative
{Donald Trump is giving control of his business network to his children as he prepares to assume the presidency… },Positive
{Donald Trump is giving control of his business network to his children as he prepares to assume the presidency… },Negative
{Donald Trump is giving control of his business network to his children as he prepares to assume the presidency… },Positive
{Donald Trump is giving control of his business network to his children as he prepares to assume the presidency… },Positive
"{.@AsraNomani is an immigrant, a Muslim and a life-long liberal. She also voted for Trump. }",Positive
"{.@AsraNomani is an immigrant, a Muslim and a life-long liberal. She also voted for Trump. }",Positive
"{.@AsraNomani is an immigrant, a Muslim and a life-long liberal. She also voted for Trump. }",Positive
"{.@AsraNomani is an immigrant, a Muslim and a life-long liberal. She also voted for Trump. }",Negative
{Donald Trump's supporters cry foul over street protests },Negative
{Donald Trump's supporters cry foul over street protests },Negative
{Donald Trump's supporters cry foul over street protests },Negative
{Donald Trump's supporters cry foul over street protests },Negative
"{""This is what happens when you elect a fascist, racist bigot"": Protests erupt across the US after Donald Trump's win }",Negative
"{""This is what happens when you elect a fascist, racist bigot"": Protests erupt across the US after Donald Trump's win }",Negative
"{""This is what happens when you elect a fascist, racist bigot"": Protests erupt across the US after Donald Trump's win }",Negative
"{""This is what happens when you elect a fascist, racist bigot"": Protests erupt across the US after Donald Trump's win }",Negative
{The scene of protests against President-elect Donald Trump in Miami and Atlanta tonight },Negative
{The scene of protests against President-elect Donald Trump in Miami and Atlanta tonight },Negative
{The scene of protests against President-elect Donald Trump in Miami and Atlanta tonight },Negative
{The scene of protests against President-elect Donald Trump in Miami and Atlanta tonight },Negative
{Milwaukee County Sheriff David Clarke: I will serve if Donald Trump asks me to },Positive
{Milwaukee County Sheriff David Clarke: I will serve if Donald Trump asks me to },Positive
{Milwaukee County Sheriff David Clarke: I will serve if Donald Trump asks me to },Positive
{Milwaukee County Sheriff David Clarke: I will serve if Donald Trump asks me to },Positive
{A fourth day of demonstrations against President-elect Donald Trump kicked off early Friday afternoon… },Negative
{A fourth day of demonstrations against President-elect Donald Trump kicked off early Friday afternoon… },Positive
{A fourth day of demonstrations against President-elect Donald Trump kicked off early Friday afternoon… },Negative
{A fourth day of demonstrations against President-elect Donald Trump kicked off early Friday afternoon… },Negative
{MMA star Conor McGregor: Maybe Donald Trump won't be so bad },Positive
{MMA star Conor McGregor: Maybe Donald Trump won't be so bad },Positive
{MMA star Conor McGregor: Maybe Donald Trump won't be so bad },Positive
{MMA star Conor McGregor: Maybe Donald Trump won't be so bad },Negative
"{In an interview, President-elect Trump appeared open to compromising on his pledge to repeal and replace Obamacare… }",Positive
"{In an interview, President-elect Trump appeared open to compromising on his pledge to repeal and replace Obamacare… }",Positive
"{In an interview, President-elect Trump appeared open to compromising on his pledge to repeal and replace Obamacare… }",Positive
"{In an interview, President-elect Trump appeared open to compromising on his pledge to repeal and replace Obamacare… }",Positive
"{The Kremlin says ""lousy"" relations between the US and Russia could improve with Donald Trump in the White House… }",Positive
"{The Kremlin says ""lousy"" relations between the US and Russia could improve with Donald Trump in the White House… }",Positive
"{The Kremlin says ""lousy"" relations between the US and Russia could improve with Donald Trump in the White House… }",Positive
"{The Kremlin says ""lousy"" relations between the US and Russia could improve with Donald Trump in the White House… }",Positive
{Here are the business leaders on Donald Trump's transition team },Positive
{Here are the business leaders on Donald Trump's transition team },Positive
{Here are the business leaders on Donald Trump's transition team },Positive
{Here are the business leaders on Donald Trump's transition team },Positive
"{""Star Wars against hate"": Two ""Rogue One"" writers took an apparent jab at Donald Trump }",Negative
"{""Star Wars against hate"": Two ""Rogue One"" writers took an apparent jab at Donald Trump }",Negative
"{""Star Wars against hate"": Two ""Rogue One"" writers took an apparent jab at Donald Trump }",Negative
"{""Star Wars against hate"": Two ""Rogue One"" writers took an apparent jab at Donald Trump }",Negative
{Why gun stocks are plunging since Donald Trump won },Negative
{Why gun stocks are plunging since Donald Trump won },Negative
{Why gun stocks are plunging since Donald Trump won },Negative
{Why gun stocks are plunging since Donald Trump won },Negative
"{In past interviews, Donald Trump opposed Wall Street regulations }",Negative
"{In past interviews, Donald Trump opposed Wall Street regulations }",Negative
"{In past interviews, Donald Trump opposed Wall Street regulations }",Negative
"{In past interviews, Donald Trump opposed Wall Street regulations }",Negative
{Who's to blame for Hillary Clinton's loss? },Negative
{Who's to blame for Hillary Clinton's loss? },Negative
{Who's to blame for Hillary Clinton's loss? },Negative
{Who's to blame for Hillary Clinton's loss? },Negative
{Nearly 18 million voters found both candidates unqualified to be president. Here's how they cast their ballots:… },Negative
{Nearly 18 million voters found both candidates unqualified to be president. Here's how they cast their ballots:… },Negative
{Nearly 18 million voters found both candidates unqualified to be president. Here's how they cast their ballots:… },Negative
{Nearly 18 million voters found both candidates unqualified to be president. Here's how they cast their ballots:… },Negative
{Peter Thiel is taking an official role working with Donald Trump },Positive
{Peter Thiel is taking an official role working with Donald Trump },Positive
{Peter Thiel is taking an official role working with Donald Trump },Negative
{Peter Thiel is taking an official role working with Donald Trump },Positive
{Paul Ryan's speakership seems safe — and Donald Trump may deserve some of the credit },Positive
{Paul Ryan's speakership seems safe — and Donald Trump may deserve some of the credit },Positive
{Paul Ryan's speakership seems safe — and Donald Trump may deserve some of the credit },Positive
{Paul Ryan's speakership seems safe — and Donald Trump may deserve some of the credit },Positive
{Climate change experts are increasingly terrified by Donald Trump's presidency },Positive
{Climate change experts are increasingly terrified by Donald Trump's presidency },Negative
{Climate change experts are increasingly terrified by Donald Trump's presidency },Negative
{Climate change experts are increasingly terrified by Donald Trump's presidency },Negative
"{Donald Trump must 'get rid of his cell phone and quit tweeting stupid things,' senator says }",Negative
"{Donald Trump must 'get rid of his cell phone and quit tweeting stupid things,' senator says }",Negative
"{Donald Trump must 'get rid of his cell phone and quit tweeting stupid things,' senator says }",Negative
"{Donald Trump must 'get rid of his cell phone and quit tweeting stupid things,' senator says }",Negative
"{JUST IN: Vice President-elect Mike Pence will lead the presidential transition, sources say }",Positive
"{JUST IN: Vice President-elect Mike Pence will lead the presidential transition, sources say }",Positive
"{JUST IN: Vice President-elect Mike Pence will lead the presidential transition, sources say }",Positive
"{JUST IN: Vice President-elect Mike Pence will lead the presidential transition, sources say }",Positive
"{They denounced Trump as too reckless to lead the nation safely. Now, they are vying for jobs in his administration.… }",Negative
"{They denounced Trump as too reckless to lead the nation safely. Now, they are vying for jobs in his administration.… }",Negative
"{They denounced Trump as too reckless to lead the nation safely. Now, they are vying for jobs in his administration.… }",Negative
"{They denounced Trump as too reckless to lead the nation safely. Now, they are vying for jobs in his administration.… }",Negative
"{New York Observer, owned by Trump's son-in-law, ends print edition }",Positive
"{New York Observer, owned by Trump's son-in-law, ends print edition }",Negative
"{New York Observer, owned by Trump's son-in-law, ends print edition }",Negative
"{New York Observer, owned by Trump's son-in-law, ends print edition }",Negative
"{.@AsraNomani is an immigrant, a Muslim and a life-long liberal. She also voted for Trump. }",Positive
"{.@AsraNomani is an immigrant, a Muslim and a life-long liberal. She also voted for Trump. }",Negative
"{.@AsraNomani is an immigrant, a Muslim and a life-long liberal. She also voted for Trump. }",Positive
"{.@AsraNomani is an immigrant, a Muslim and a life-long liberal. She also voted for Trump. }",Negative
{What a Trump presidency could mean for LGBT Americans },Negative
{What a Trump presidency could mean for LGBT Americans },Positive
{What a Trump presidency could mean for LGBT Americans },Negative
{What a Trump presidency could mean for LGBT Americans },Negative
{Warren Buffett on President-elect Trump: 'He deserves everybody's respect' },Positive
{Warren Buffett on President-elect Trump: 'He deserves everybody's respect' },Positive
{Warren Buffett on President-elect Trump: 'He deserves everybody's respect' },Positive
{Warren Buffett on President-elect Trump: 'He deserves everybody's respect' },Positive
{5 reasons not to expect Hillary Clinton to be prosecuted },Positive
{5 reasons not to expect Hillary Clinton to be prosecuted },Positive
{5 reasons not to expect Hillary Clinton to be prosecuted },Negative
{5 reasons not to expect Hillary Clinton to be prosecuted },Negative
"{Trump Tower in Manhattan, home to President-elect Donald Trump, has become a de facto ""fortress""… }",Negative
"{Trump Tower in Manhattan, home to President-elect Donald Trump, has become a de facto ""fortress""… }",Negative
"{Trump Tower in Manhattan, home to President-elect Donald Trump, has become a de facto ""fortress""… }",Positive
"{Trump Tower in Manhattan, home to President-elect Donald Trump, has become a de facto ""fortress""… }",Negative
{“We mustn't be defeated”: How celebrities are reacting to Trump’s election },Negative
{“We mustn't be defeated”: How celebrities are reacting to Trump’s election },Negative
{“We mustn't be defeated”: How celebrities are reacting to Trump’s election },Negative
{“We mustn't be defeated”: How celebrities are reacting to Trump’s election },Negative
{Branson: Voters who helped elect Trump are those who will be hurt most if he gets rid of Obamacare… },Negative
{Branson: Voters who helped elect Trump are those who will be hurt most if he gets rid of Obamacare… },Negative
{Branson: Voters who helped elect Trump are those who will be hurt most if he gets rid of Obamacare… },Negative
{Branson: Voters who helped elect Trump are those who will be hurt most if he gets rid of Obamacare… },Negative
{Muslim woman who voted for Trump: “Trump voters are human beings too” },Positive
{Muslim woman who voted for Trump: “Trump voters are human beings too” },Positive
{Muslim woman who voted for Trump: “Trump voters are human beings too” },Positive
{Muslim woman who voted for Trump: “Trump voters are human beings too” },Positive
{People are looking for hope in Trump's America at MLK's grave site },Positive
{People are looking for hope in Trump's America at MLK's grave site },Positive
{People are looking for hope in Trump's America at MLK's grave site },Positive
{People are looking for hope in Trump's America at MLK's grave site },Negative
"{Harry Reid: President-elect Donald Trump has ""emboldened the forces of hate""  }",Positive
"{Harry Reid: President-elect Donald Trump has ""emboldened the forces of hate""  }",Negative
"{Harry Reid: President-elect Donald Trump has ""emboldened the forces of hate""  }",Negative
"{Harry Reid: President-elect Donald Trump has ""emboldened the forces of hate""  }",Negative
"{RT @CNNnewsroom: Author/Historian on Melania Trump as future first lady: ""You can't help but detect her shyness""  }",Positive
"{RT @CNNnewsroom: Author/Historian on Melania Trump as future first lady: ""You can't help but detect her shyness""  }",Negative
"{RT @CNNnewsroom: Author/Historian on Melania Trump as future first lady: ""You can't help but detect her shyness""  }",Positive
"{RT @CNNnewsroom: Author/Historian on Melania Trump as future first lady: ""You can't help but detect her shyness""  }",Positive
{Trump-backing pol on Obamacare: 'We're not going to be pulling the rug out from anyone' },Positive
{Trump-backing pol on Obamacare: 'We're not going to be pulling the rug out from anyone' },Negative
{Trump-backing pol on Obamacare: 'We're not going to be pulling the rug out from anyone' },Negative
{Trump-backing pol on Obamacare: 'We're not going to be pulling the rug out from anyone' },Positive
{NYC mayor: Database with info on undocumented New Yorkers could be deleted in light of Trump win },Negative
{NYC mayor: Database with info on undocumented New Yorkers could be deleted in light of Trump win },Negative
{NYC mayor: Database with info on undocumented New Yorkers could be deleted in light of Trump win },Negative
{NYC mayor: Database with info on undocumented New Yorkers could be deleted in light of Trump win },Negative
{Inside the mind of Trump's national security guru },Positive
{Inside the mind of Trump's national security guru },Positive
{Inside the mind of Trump's national security guru },Negative
{Inside the mind of Trump's national security guru },Positive
{Trump administration could mean new life for Clinton Foundation probe },Negative
{Trump administration could mean new life for Clinton Foundation probe },Positive
{Trump administration could mean new life for Clinton Foundation probe },Positive
{Trump administration could mean new life for Clinton Foundation probe },Positive
{New York Times calls on President-elect Trump to denounce hate },Negative
{New York Times calls on President-elect Trump to denounce hate },Negative
{New York Times calls on President-elect Trump to denounce hate },Negative
{New York Times calls on President-elect Trump to denounce hate },Negative
{What the military might do if Trump gave illegal orders like he promised during the campaign },Negative
{What the military might do if Trump gave illegal orders like he promised during the campaign },Negative
{What the military might do if Trump gave illegal orders like he promised during the campaign },Negative
{What the military might do if Trump gave illegal orders like he promised during the campaign },Negative
{Trump tweets praise for protesters hours after calling them 'very unfair' },Negative
{Trump tweets praise for protesters hours after calling them 'very unfair' },Negative
{Trump tweets praise for protesters hours after calling them 'very unfair' },Positive
{Trump tweets praise for protesters hours after calling them 'very unfair' },Positive
{Here's Trump's plan to stop hackers },Positive
{Here's Trump's plan to stop hackers },Positive
{Here's Trump's plan to stop hackers },Positive
{Here's Trump's plan to stop hackers },Positive
{Brexit leader Nigel Farage calls Obama a loathsome creature },Negative
{Brexit leader Nigel Farage calls Obama a loathsome creature },Negative
{Brexit leader Nigel Farage calls Obama a loathsome creature },Positive
{Brexit leader Nigel Farage calls Obama a loathsome creature },Negative
{Megyn Kelly denies report her book says Trump saw debate question in advance },Negative
{Megyn Kelly denies report her book says Trump saw debate question in advance },Positive
{Megyn Kelly denies report her book says Trump saw debate question in advance },Negative
{Megyn Kelly denies report her book says Trump saw debate question in advance },Negative
{Team Trump is already filled with Washington insiders },Positive
{Team Trump is already filled with Washington insiders },Positive
{Team Trump is already filled with Washington insiders },Positive
{Team Trump is already filled with Washington insiders },Negative
{Donald Trump boasted he would swap out Air Force One with his private jet. He probably can't do that },Negative
{Donald Trump boasted he would swap out Air Force One with his private jet. He probably can't do that },Positive
{Donald Trump boasted he would swap out Air Force One with his private jet. He probably can't do that },Positive
{Donald Trump boasted he would swap out Air Force One with his private jet. He probably can't do that },Negative
{People are lighting their New Balance sneakers on fire over comments the company made about Donald Trump },Positive
{People are lighting their New Balance sneakers on fire over comments the company made about Donald Trump },Negative
{People are lighting their New Balance sneakers on fire over comments the company made about Donald Trump },Negative
{People are lighting their New Balance sneakers on fire over comments the company made about Donald Trump },Negative
"{If millennial voters had their way, Hillary Clinton would be president. Older, whiter demographics favored Trump }",Positive
"{If millennial voters had their way, Hillary Clinton would be president. Older, whiter demographics favored Trump }",Negative
"{If millennial voters had their way, Hillary Clinton would be president. Older, whiter demographics favored Trump }",Positive
"{If millennial voters had their way, Hillary Clinton would be president. Older, whiter demographics favored Trump }",Positive
{Here's what Michelle Obama and Melania Trump talked about over tea at the White House },Positive
{Here's what Michelle Obama and Melania Trump talked about over tea at the White House },Positive
{Here's what Michelle Obama and Melania Trump talked about over tea at the White House },Positive
{Here's what Michelle Obama and Melania Trump talked about over tea at the White House },Positive
{Russian government says it maintained contact with Donald Trump's staff and entourage during the election campaign },Positive
{Russian government says it maintained contact with Donald Trump's staff and entourage during the election campaign },Positive
{Russian government says it maintained contact with Donald Trump's staff and entourage during the election campaign },Positive
{Russian government says it maintained contact with Donald Trump's staff and entourage during the election campaign },Positive
{Women are advising each other to get IUDs now -- a form of birth control that could last through a Trump presidency },Negative
{Women are advising each other to get IUDs now -- a form of birth control that could last through a Trump presidency },Positive
{Women are advising each other to get IUDs now -- a form of birth control that could last through a Trump presidency },Positive
{Women are advising each other to get IUDs now -- a form of birth control that could last through a Trump presidency },Negative
"{Trump may have listed it as a ""100 days"" priority, but it could take months or years to replace Obamacare }",Negative
"{Trump may have listed it as a ""100 days"" priority, but it could take months or years to replace Obamacare }",Negative
"{Trump may have listed it as a ""100 days"" priority, but it could take months or years to replace Obamacare }",Negative
"{Trump may have listed it as a ""100 days"" priority, but it could take months or years to replace Obamacare }",Negative
{Police in Portland say an anti-Trump demonstration turned into a riot },Negative
{Police in Portland say an anti-Trump demonstration turned into a riot },Negative
{Police in Portland say an anti-Trump demonstration turned into a riot },Negative
{Police in Portland say an anti-Trump demonstration turned into a riot },Negative
{Fake news on Facebook; bots trolling Twitter users; emails from Wikileaks -- did the internet shape the election? },Negative
{Fake news on Facebook; bots trolling Twitter users; emails from Wikileaks -- did the internet shape the election? },Negative
{Fake news on Facebook; bots trolling Twitter users; emails from Wikileaks -- did the internet shape the election? },Negative
{Fake news on Facebook; bots trolling Twitter users; emails from Wikileaks -- did the internet shape the election? },Negative
{It will be a long time before anyone can say for certain how Donald Trump won -- but here are some early theories },Positive
{It will be a long time before anyone can say for certain how Donald Trump won -- but here are some early theories },Positive
{It will be a long time before anyone can say for certain how Donald Trump won -- but here are some early theories },Negative
{It will be a long time before anyone can say for certain how Donald Trump won -- but here are some early theories },Negative
{What will Donald Trump actually do as president? It's anybody's guess },Negative
{What will Donald Trump actually do as president? It's anybody's guess },Positive
{What will Donald Trump actually do as president? It's anybody's guess },Negative
{What will Donald Trump actually do as president? It's anybody's guess },Positive
"{""Drain the swamp?"" Maybe not: Trump's team is already filled with Washington insiders }",Positive
"{""Drain the swamp?"" Maybe not: Trump's team is already filled with Washington insiders }",Positive
"{""Drain the swamp?"" Maybe not: Trump's team is already filled with Washington insiders }",Negative
"{""Drain the swamp?"" Maybe not: Trump's team is already filled with Washington insiders }",Negative
"{If millennials had their way, Hillary Clinton would have won -- and that's worth noting, writes @jdsutter }",Negative
"{If millennials had their way, Hillary Clinton would have won -- and that's worth noting, writes @jdsutter }",Negative
"{If millennials had their way, Hillary Clinton would have won -- and that's worth noting, writes @jdsutter }",Negative
"{If millennials had their way, Hillary Clinton would have won -- and that's worth noting, writes @jdsutter }",Positive
{Kids are taking the feds -- and possibly Trump -- to court over climate change },Positive
{Kids are taking the feds -- and possibly Trump -- to court over climate change },Negative
{Kids are taking the feds -- and possibly Trump -- to court over climate change },Negative
{Kids are taking the feds -- and possibly Trump -- to court over climate change },Negative
"{Far-right Brexit leader Nigel Farage, who helped Trump campaign, called Obama a ""loathsome creature"" }",Positive
"{Far-right Brexit leader Nigel Farage, who helped Trump campaign, called Obama a ""loathsome creature"" }",Negative
"{Far-right Brexit leader Nigel Farage, who helped Trump campaign, called Obama a ""loathsome creature"" }",Negative
"{Far-right Brexit leader Nigel Farage, who helped Trump campaign, called Obama a ""loathsome creature"" }",Negative
"{Trump's ""presidency has to be opposed right now,"" says documentary filmmaker Michael Moore }",Negative
"{Trump's ""presidency has to be opposed right now,"" says documentary filmmaker Michael Moore }",Negative
"{Trump's ""presidency has to be opposed right now,"" says documentary filmmaker Michael Moore }",Negative
"{Trump's ""presidency has to be opposed right now,"" says documentary filmmaker Michael Moore }",Negative
{Here's a look at America's new first family },Positive
{Here's a look at America's new first family },Positive
{Here's a look at America's new first family },Positive
{Here's a look at America's new first family },Positive
"{Portland police now classify anti-Trump protests as a riot due to ""extensive criminal and dangerous behavior""… }",Negative
"{Portland police now classify anti-Trump protests as a riot due to ""extensive criminal and dangerous behavior""… }",Negative
"{Portland police now classify anti-Trump protests as a riot due to ""extensive criminal and dangerous behavior""… }",Negative
"{Portland police now classify anti-Trump protests as a riot due to ""extensive criminal and dangerous behavior""… }",Negative
{Want to flee Trump? This Swede will marry any American who wants to leave the US (and take up Swedish citizenship)… },Negative
{Want to flee Trump? This Swede will marry any American who wants to leave the US (and take up Swedish citizenship)… },Negative
{Want to flee Trump? This Swede will marry any American who wants to leave the US (and take up Swedish citizenship)… },Positive
{Want to flee Trump? This Swede will marry any American who wants to leave the US (and take up Swedish citizenship)… },Positive
"{""We are disappointed"" in the results of the US presidential election, Gold Star dad Khizr Khan says of the Trump wi… }",Positive
"{""We are disappointed"" in the results of the US presidential election, Gold Star dad Khizr Khan says of the Trump wi… }",Negative
"{""We are disappointed"" in the results of the US presidential election, Gold Star dad Khizr Khan says of the Trump wi… }",Negative
"{""We are disappointed"" in the results of the US presidential election, Gold Star dad Khizr Khan says of the Trump wi… }",Negative
"{Donald Trump says in a tweet that the protests against him are ""very unfair"" }",Negative
"{Donald Trump says in a tweet that the protests against him are ""very unfair"" }",Negative
"{Donald Trump says in a tweet that the protests against him are ""very unfair"" }",Negative
"{Donald Trump says in a tweet that the protests against him are ""very unfair"" }",Positive
"{Michael Moore (@MMFlint) to @donlemon: Donald Trump's ""presidency has to be opposed right now"" }",Negative
"{Michael Moore (@MMFlint) to @donlemon: Donald Trump's ""presidency has to be opposed right now"" }",Negative
"{Michael Moore (@MMFlint) to @donlemon: Donald Trump's ""presidency has to be opposed right now"" }",Negative
"{Michael Moore (@MMFlint) to @donlemon: Donald Trump's ""presidency has to be opposed right now"" }",Negative
"{""That's unacceptable"": CNN's @wolfblitzer rebukes Donald Trump for breach in press protocol }",Negative
"{""That's unacceptable"": CNN's @wolfblitzer rebukes Donald Trump for breach in press protocol }",Negative
"{""That's unacceptable"": CNN's @wolfblitzer rebukes Donald Trump for breach in press protocol }",Negative
"{""That's unacceptable"": CNN's @wolfblitzer rebukes Donald Trump for breach in press protocol }",Positive
{Demonstrations erupted in the streets of L.A. over Donald Trump's presidential election victory. Watch on Facebook: },Negative
{Demonstrations erupted in the streets of L.A. over Donald Trump's presidential election victory. Watch on Facebook: },Negative
{Demonstrations erupted in the streets of L.A. over Donald Trump's presidential election victory. Watch on Facebook: },Negative
{Demonstrations erupted in the streets of L.A. over Donald Trump's presidential election victory. Watch on Facebook: },Positive
"{With President-elect Donald Trump visiting President Obama at the White House, scores of protesters gathered outsid… }",Negative
"{With President-elect Donald Trump visiting President Obama at the White House, scores of protesters gathered outsid… }",Negative
"{With President-elect Donald Trump visiting President Obama at the White House, scores of protesters gathered outsid… }",Positive
"{With President-elect Donald Trump visiting President Obama at the White House, scores of protesters gathered outsid… }",Negative
"{Now that Donald Trump has won the presidency, can he continue to use Trump Force One? }",Positive
"{Now that Donald Trump has won the presidency, can he continue to use Trump Force One? }",Positive
"{Now that Donald Trump has won the presidency, can he continue to use Trump Force One? }",Positive
"{Now that Donald Trump has won the presidency, can he continue to use Trump Force One? }",Positive
{How did Donald Trump win? Here are 24 theories },Positive
{How did Donald Trump win? Here are 24 theories },Positive
{How did Donald Trump win? Here are 24 theories },Positive
{How did Donald Trump win? Here are 24 theories },Positive
{Russian officials say they had contact with the Trump and Clinton campaigns },Positive
{Russian officials say they had contact with the Trump and Clinton campaigns },Negative
{Russian officials say they had contact with the Trump and Clinton campaigns },Positive
{Russian officials say they had contact with the Trump and Clinton campaigns },Positive
"{Protesters walk through the streets of Denver, Colorado, in response to Donald Trump's 2016 election victory }",Negative
"{Protesters walk through the streets of Denver, Colorado, in response to Donald Trump's 2016 election victory }",Negative
"{Protesters walk through the streets of Denver, Colorado, in response to Donald Trump's 2016 election victory }",Negative
"{Protesters walk through the streets of Denver, Colorado, in response to Donald Trump's 2016 election victory }",Negative
{Melania Trump and Michelle Obama sit down for tea in the White House },Positive
{Melania Trump and Michelle Obama sit down for tea in the White House },Positive
{Melania Trump and Michelle Obama sit down for tea in the White House },Positive
{Melania Trump and Michelle Obama sit down for tea in the White House },Positive
{.@NAACP president: Donald Trump's election victory benefited from voter suppression },Positive
{.@NAACP president: Donald Trump's election victory benefited from voter suppression },Negative
{.@NAACP president: Donald Trump's election victory benefited from voter suppression },Negative
{.@NAACP president: Donald Trump's election victory benefited from voter suppression },Negative
"{There were reports of hateful acts and racist, pro-Trump graffiti after Donald Trump's election win… }",Negative
"{There were reports of hateful acts and racist, pro-Trump graffiti after Donald Trump's election win… }",Negative
"{There were reports of hateful acts and racist, pro-Trump graffiti after Donald Trump's election win… }",Negative
"{There were reports of hateful acts and racist, pro-Trump graffiti after Donald Trump's election win… }",Negative
"{Woman who took photo with Clinton after concession: ""She couldn't have seemed any nicer or ... kinder and gracious"" }",Positive
"{Woman who took photo with Clinton after concession: ""She couldn't have seemed any nicer or ... kinder and gracious"" }",Positive
"{Woman who took photo with Clinton after concession: ""She couldn't have seemed any nicer or ... kinder and gracious"" }",Negative
"{Woman who took photo with Clinton after concession: ""She couldn't have seemed any nicer or ... kinder and gracious"" }",Positive
{RT @CNNPolitics: Reince Priebus: Trump has made clear the Muslim ban is no longer his position },Positive
{RT @CNNPolitics: Reince Priebus: Trump has made clear the Muslim ban is no longer his position },Positive
{RT @CNNPolitics: Reince Priebus: Trump has made clear the Muslim ban is no longer his position },Positive
{RT @CNNPolitics: Reince Priebus: Trump has made clear the Muslim ban is no longer his position },Positive
{.@NAACP president: It’s absolutely not a free and fair election; the election system that delivered Trump is broken },Negative
{.@NAACP president: It’s absolutely not a free and fair election; the election system that delivered Trump is broken },Negative
{.@NAACP president: It’s absolutely not a free and fair election; the election system that delivered Trump is broken },Negative
{.@NAACP president: It’s absolutely not a free and fair election; the election system that delivered Trump is broken },Negative
{Why it's difficult to predict what Trump will actually do as president },Negative
{Why it's difficult to predict what Trump will actually do as president },Negative
{Why it's difficult to predict what Trump will actually do as president },Negative
{Why it's difficult to predict what Trump will actually do as president },Negative
"{Donald Trump is strongly considering campaign CEO Steve Bannon for White House chief of staff, a source tells CNN… }",Positive
"{Donald Trump is strongly considering campaign CEO Steve Bannon for White House chief of staff, a source tells CNN… }",Negative
"{Donald Trump is strongly considering campaign CEO Steve Bannon for White House chief of staff, a source tells CNN… }",Positive
"{Donald Trump is strongly considering campaign CEO Steve Bannon for White House chief of staff, a source tells CNN… }",Positive
{NFL Commissioner Roger Goodell says he's struggling to explain Donald Trump's victory to the women in his family… },Negative
{NFL Commissioner Roger Goodell says he's struggling to explain Donald Trump's victory to the women in his family… },Negative
{NFL Commissioner Roger Goodell says he's struggling to explain Donald Trump's victory to the women in his family… },Negative
{NFL Commissioner Roger Goodell says he's struggling to explain Donald Trump's victory to the women in his family… },Negative
"{“Here’s a good rule: Don’t answer the questions when they just start yelling,"" Obama advises Trump of WH reporters… }",Positive
"{“Here’s a good rule: Don’t answer the questions when they just start yelling,"" Obama advises Trump of WH reporters… }",Negative
"{“Here’s a good rule: Don’t answer the questions when they just start yelling,"" Obama advises Trump of WH reporters… }",Positive
"{“Here’s a good rule: Don’t answer the questions when they just start yelling,"" Obama advises Trump of WH reporters… }",Positive
{The FAA has imposed temporary flight restrictions over the residences of President-elect Donald Trump and Mike Penc… },Negative
{The FAA has imposed temporary flight restrictions over the residences of President-elect Donald Trump and Mike Penc… },Negative
{The FAA has imposed temporary flight restrictions over the residences of President-elect Donald Trump and Mike Penc… },Negative
{The FAA has imposed temporary flight restrictions over the residences of President-elect Donald Trump and Mike Penc… },Positive
{Here's how Hillary Clinton spent the morning after her concession to Donald Trump },Positive
{Here's how Hillary Clinton spent the morning after her concession to Donald Trump },Positive
{Here's how Hillary Clinton spent the morning after her concession to Donald Trump },Positive
{Here's how Hillary Clinton spent the morning after her concession to Donald Trump },Positive
{Pre-election polls underestimated support for Donald Trump — and now experts want to know why… },Negative
{Pre-election polls underestimated support for Donald Trump — and now experts want to know why… },Positive
{Pre-election polls underestimated support for Donald Trump — and now experts want to know why… },Positive
{Pre-election polls underestimated support for Donald Trump — and now experts want to know why… },Positive
{RT @CNNSitRoom: Woman runs into Hillary Clinton taking a walk in the woods },Positive
{RT @CNNSitRoom: Woman runs into Hillary Clinton taking a walk in the woods },Positive
{RT @CNNSitRoom: Woman runs into Hillary Clinton taking a walk in the woods },Positive
{RT @CNNSitRoom: Woman runs into Hillary Clinton taking a walk in the woods },Positive
{Reince Priebus says he doesn't know what his role in President-elect Donald Trump's administration could be… },Positive
{Reince Priebus says he doesn't know what his role in President-elect Donald Trump's administration could be… },Negative
{Reince Priebus says he doesn't know what his role in President-elect Donald Trump's administration could be… },Negative
{Reince Priebus says he doesn't know what his role in President-elect Donald Trump's administration could be… },Negative
{Barron Trump will be the first son in the White House since JFK Jr. },Positive
{Barron Trump will be the first son in the White House since JFK Jr. },Positive
{Barron Trump will be the first son in the White House since JFK Jr. },Positive
{Barron Trump will be the first son in the White House since JFK Jr. },Positive
{Bernie Sanders on the election outcome he expected: I thought Clinton was going to win },Positive
{Bernie Sanders on the election outcome he expected: I thought Clinton was going to win },Negative
{Bernie Sanders on the election outcome he expected: I thought Clinton was going to win },Negative
{Bernie Sanders on the election outcome he expected: I thought Clinton was going to win },Negative
"{Sanders on Trump: ""If he is going to resort to bigotry, trying to divide us up, we will oppose him tooth and nail"" }",Negative
"{Sanders on Trump: ""If he is going to resort to bigotry, trying to divide us up, we will oppose him tooth and nail"" }",Negative
"{Sanders on Trump: ""If he is going to resort to bigotry, trying to divide us up, we will oppose him tooth and nail"" }",Negative
"{Sanders on Trump: ""If he is going to resort to bigotry, trying to divide us up, we will oppose him tooth and nail"" }",Negative
"{Bernie Sanders: If Trump is serious about his policy positions, I hope we can work together }",Positive
"{Bernie Sanders: If Trump is serious about his policy positions, I hope we can work together }",Positive
"{Bernie Sanders: If Trump is serious about his policy positions, I hope we can work together }",Positive
"{Bernie Sanders: If Trump is serious about his policy positions, I hope we can work together }",Positive
"{.@SenSanders: I will vigorously oppose Trump if he appeals to racism, sexism, or other discriminatory measures }",Negative
"{.@SenSanders: I will vigorously oppose Trump if he appeals to racism, sexism, or other discriminatory measures }",Negative
"{.@SenSanders: I will vigorously oppose Trump if he appeals to racism, sexism, or other discriminatory measures }",Negative
"{.@SenSanders: I will vigorously oppose Trump if he appeals to racism, sexism, or other discriminatory measures }",Negative
{Bernie Sanders: I would have loved the opportunity to run against Trump },Positive
{Bernie Sanders: I would have loved the opportunity to run against Trump },Negative
{Bernie Sanders: I would have loved the opportunity to run against Trump },Positive
{Bernie Sanders: I would have loved the opportunity to run against Trump },Positive
{.@SenFranken: I hope that President-elect Trump informs himself about how healthcare works in this country },Positive
{.@SenFranken: I hope that President-elect Trump informs himself about how healthcare works in this country },Negative
{.@SenFranken: I hope that President-elect Trump informs himself about how healthcare works in this country },Negative
{.@SenFranken: I hope that President-elect Trump informs himself about how healthcare works in this country },Positive
"{.@Reince: ""We’re proud of where we took the party,"" and we're proud of Donald Trump }",Positive
"{.@Reince: ""We’re proud of where we took the party,"" and we're proud of Donald Trump }",Positive
"{.@Reince: ""We’re proud of where we took the party,"" and we're proud of Donald Trump }",Positive
"{.@Reince: ""We’re proud of where we took the party,"" and we're proud of Donald Trump }",Positive
"{.@Reince: I hope everyone has seen this ""presidential Donald Trump"" that we knew all along }",Positive
"{.@Reince: I hope everyone has seen this ""presidential Donald Trump"" that we knew all along }",Positive
"{.@Reince: I hope everyone has seen this ""presidential Donald Trump"" that we knew all along }",Positive
"{.@Reince: I hope everyone has seen this ""presidential Donald Trump"" that we knew all along }",Positive
"{Ohio Gov. John Kasich: I said my prayers today for ""the success of Donald Trump"" }",Positive
"{Ohio Gov. John Kasich: I said my prayers today for ""the success of Donald Trump"" }",Positive
"{Ohio Gov. John Kasich: I said my prayers today for ""the success of Donald Trump"" }",Positive
"{Ohio Gov. John Kasich: I said my prayers today for ""the success of Donald Trump"" }",Positive
{We're with high school students in San Francisco who walked out of school to protest Trump. Watch live on Facebook:… },Negative
{We're with high school students in San Francisco who walked out of school to protest Trump. Watch live on Facebook:… },Negative
{We're with high school students in San Francisco who walked out of school to protest Trump. Watch live on Facebook:… },Negative
{We're with high school students in San Francisco who walked out of school to protest Trump. Watch live on Facebook:… },Negative
{How Gary Johnson and Jill Stein helped elect Donald Trump  },Negative
{How Gary Johnson and Jill Stein helped elect Donald Trump  },Positive
{How Gary Johnson and Jill Stein helped elect Donald Trump  },Positive
{How Gary Johnson and Jill Stein helped elect Donald Trump  },Positive
"{Protester in San Francisco says Trump is wrong about immigrants: ""We are a working class"" }",Positive
"{Protester in San Francisco says Trump is wrong about immigrants: ""We are a working class"" }",Negative
"{Protester in San Francisco says Trump is wrong about immigrants: ""We are a working class"" }",Positive
"{Protester in San Francisco says Trump is wrong about immigrants: ""We are a working class"" }",Negative
"{Elizabeth Warren pledges to work with Trump on economic issues: ""The truth is that people have a right to be angry""… }",Negative
"{Elizabeth Warren pledges to work with Trump on economic issues: ""The truth is that people have a right to be angry""… }",Positive
"{Elizabeth Warren pledges to work with Trump on economic issues: ""The truth is that people have a right to be angry""… }",Positive
"{Elizabeth Warren pledges to work with Trump on economic issues: ""The truth is that people have a right to be angry""… }",Positive
"{RT @CNNPolitics: Donald Trump meets with GOP leaders: ""We're going to do some absolutely spectacular things for the American people"" https:…}",Positive
"{RT @CNNPolitics: Donald Trump meets with GOP leaders: ""We're going to do some absolutely spectacular things for the American people"" https:…}",Positive
"{RT @CNNPolitics: Donald Trump meets with GOP leaders: ""We're going to do some absolutely spectacular things for the American people"" https:…}",Positive
"{RT @CNNPolitics: Donald Trump meets with GOP leaders: ""We're going to do some absolutely spectacular things for the American people"" https:…}",Positive
{President-elect Donald Trump talks with Speaker Paul Ryan in meeting with GOP leaders },Positive
{President-elect Donald Trump talks with Speaker Paul Ryan in meeting with GOP leaders },Positive
{President-elect Donald Trump talks with Speaker Paul Ryan in meeting with GOP leaders },Positive
{President-elect Donald Trump talks with Speaker Paul Ryan in meeting with GOP leaders },Positive
{Paul Ryan shows Donald and Melania Trump the view from the Speaker’s Balcony — including where he will be sworn in  },Positive
{Paul Ryan shows Donald and Melania Trump the view from the Speaker’s Balcony — including where he will be sworn in  },Positive
{Paul Ryan shows Donald and Melania Trump the view from the Speaker’s Balcony — including where he will be sworn in  },Positive
{Paul Ryan shows Donald and Melania Trump the view from the Speaker’s Balcony — including where he will be sworn in  },Positive
{Repealing Obamacare won't be that easy. Replacing it will be even tougher },Negative
{Repealing Obamacare won't be that easy. Replacing it will be even tougher },Negative
{Repealing Obamacare won't be that easy. Replacing it will be even tougher },Negative
{Repealing Obamacare won't be that easy. Replacing it will be even tougher },Positive
{Pre-election polls underestimated support for Donald Trump — and now experts want to know why… },Positive
{Pre-election polls underestimated support for Donald Trump — and now experts want to know why… },Negative
{Pre-election polls underestimated support for Donald Trump — and now experts want to know why… },Positive
{Pre-election polls underestimated support for Donald Trump — and now experts want to know why… },Positive
{President-elect Donald Trump will receive two different sets of intelligence briefings },Positive
{President-elect Donald Trump will receive two different sets of intelligence briefings },Positive
{President-elect Donald Trump will receive two different sets of intelligence briefings },Positive
{President-elect Donald Trump will receive two different sets of intelligence briefings },Positive
{What would Jackie Kennedy say about Melania Trump? },Negative
{What would Jackie Kennedy say about Melania Trump? },Negative
{What would Jackie Kennedy say about Melania Trump? },Positive
{What would Jackie Kennedy say about Melania Trump? },Positive
{President-elect Donald Trump will receive two different sets of intelligence briefings },Positive
{President-elect Donald Trump will receive two different sets of intelligence briefings },Positive
{President-elect Donald Trump will receive two different sets of intelligence briefings },Positive
{President-elect Donald Trump will receive two different sets of intelligence briefings },Positive
"{“Here’s a good rule: Don’t answer the questions when they just start yelling,"" Obama advises Trump of WH reporters… }",Negative
"{“Here’s a good rule: Don’t answer the questions when they just start yelling,"" Obama advises Trump of WH reporters… }",Positive
"{“Here’s a good rule: Don’t answer the questions when they just start yelling,"" Obama advises Trump of WH reporters… }",Positive
"{“Here’s a good rule: Don’t answer the questions when they just start yelling,"" Obama advises Trump of WH reporters… }",Negative
{President-elect Trump says he looks forward to working with Obama at White House meeting },Positive
{President-elect Trump says he looks forward to working with Obama at White House meeting },Positive
{President-elect Trump says he looks forward to working with Obama at White House meeting },Positive
{President-elect Trump says he looks forward to working with Obama at White House meeting },Positive
"{President Obama says that if Trump succeeds, America succeeds, during White House meeting }",Positive
"{President Obama says that if Trump succeeds, America succeeds, during White House meeting }",Positive
"{President Obama says that if Trump succeeds, America succeeds, during White House meeting }",Positive
"{President Obama says that if Trump succeeds, America succeeds, during White House meeting }",Positive
"{JUST IN: President Obama, President-elect Trump meet in the White House Oval Office  }",Positive
"{JUST IN: President Obama, President-elect Trump meet in the White House Oval Office  }",Positive
"{JUST IN: President Obama, President-elect Trump meet in the White House Oval Office  }",Positive
"{JUST IN: President Obama, President-elect Trump meet in the White House Oval Office  }",Positive
"{What President-elect Donald Trump's first 100 days will look like, according to one GOP senator… }",Positive
"{What President-elect Donald Trump's first 100 days will look like, according to one GOP senator… }",Positive
"{What President-elect Donald Trump's first 100 days will look like, according to one GOP senator… }",Positive
"{What President-elect Donald Trump's first 100 days will look like, according to one GOP senator… }",Negative
{Want to flee Trump? This Swede will marry any American who wants to leave the US (and take up Swedish citizenship)… },Positive
{Want to flee Trump? This Swede will marry any American who wants to leave the US (and take up Swedish citizenship)… },Negative
{Want to flee Trump? This Swede will marry any American who wants to leave the US (and take up Swedish citizenship)… },Positive
{Want to flee Trump? This Swede will marry any American who wants to leave the US (and take up Swedish citizenship)… },Negative
{Aaron Sorkin writes emotional open letter to 15-year-old daughter after Trump elected president… },Negative
{Aaron Sorkin writes emotional open letter to 15-year-old daughter after Trump elected president… },Positive
{Aaron Sorkin writes emotional open letter to 15-year-old daughter after Trump elected president… },Positive
{Aaron Sorkin writes emotional open letter to 15-year-old daughter after Trump elected president… },Negative
"{Trump arrives at White House for Obama meeting, marking a new beginning }",Positive
"{Trump arrives at White House for Obama meeting, marking a new beginning }",Positive
"{Trump arrives at White House for Obama meeting, marking a new beginning }",Positive
"{Trump arrives at White House for Obama meeting, marking a new beginning }",Positive
"{Lock her up? Maybe not so much, Trump insiders say }",Negative
"{Lock her up? Maybe not so much, Trump insiders say }",Positive
"{Lock her up? Maybe not so much, Trump insiders say }",Negative
"{Lock her up? Maybe not so much, Trump insiders say }",Negative
"{RT @CNNPolitics: Donald Trump doesn't need Congress to start building a wall, Rudy Giuliani says }",Negative
"{RT @CNNPolitics: Donald Trump doesn't need Congress to start building a wall, Rudy Giuliani says }",Positive
"{RT @CNNPolitics: Donald Trump doesn't need Congress to start building a wall, Rudy Giuliani says }",Negative
"{RT @CNNPolitics: Donald Trump doesn't need Congress to start building a wall, Rudy Giuliani says }",Positive
{President-elect Donald Trump deplanes after arriving at D.C.-area airport for White House meeting… },Positive
{President-elect Donald Trump deplanes after arriving at D.C.-area airport for White House meeting… },Positive
{President-elect Donald Trump deplanes after arriving at D.C.-area airport for White House meeting… },Negative
{President-elect Donald Trump deplanes after arriving at D.C.-area airport for White House meeting… },Positive
"{The moment 5 college students, locked in a room during Election night, learn that Trump won }",Positive
"{The moment 5 college students, locked in a room during Election night, learn that Trump won }",Negative
"{The moment 5 college students, locked in a room during Election night, learn that Trump won }",Negative
"{The moment 5 college students, locked in a room during Election night, learn that Trump won }",Negative
"{President-elect Donald Trump arrives in Washington, D.C. Watch live: }",Positive
"{President-elect Donald Trump arrives in Washington, D.C. Watch live: }",Positive
"{President-elect Donald Trump arrives in Washington, D.C. Watch live: }",Positive
"{President-elect Donald Trump arrives in Washington, D.C. Watch live: }",Positive
"{Stock market nears all-time highs after Trump election, a reaction few expected }",Negative
"{Stock market nears all-time highs after Trump election, a reaction few expected }",Positive
"{Stock market nears all-time highs after Trump election, a reaction few expected }",Positive
"{Stock market nears all-time highs after Trump election, a reaction few expected }",Positive
"{What to expect in Donald Trump's America, based on campaign promises }",Positive
"{What to expect in Donald Trump's America, based on campaign promises }",Positive
"{What to expect in Donald Trump's America, based on campaign promises }",Positive
"{What to expect in Donald Trump's America, based on campaign promises }",Positive
"{Young girl leads protesters in anti-Trump chant: ""Love is love, and love trumps hate."" }",Positive
"{Young girl leads protesters in anti-Trump chant: ""Love is love, and love trumps hate."" }",Negative
"{Young girl leads protesters in anti-Trump chant: ""Love is love, and love trumps hate."" }",Negative
"{Young girl leads protesters in anti-Trump chant: ""Love is love, and love trumps hate."" }",Negative
{Pre-election polls underestimated support for Donald Trump — and now experts want to know why… },Positive
{Pre-election polls underestimated support for Donald Trump — and now experts want to know why… },Positive
{Pre-election polls underestimated support for Donald Trump — and now experts want to know why… },Positive
{Pre-election polls underestimated support for Donald Trump — and now experts want to know why… },Positive
{Here's a look at who might be included in a Trump Cabinet and inner White House circle },Positive
{Here's a look at who might be included in a Trump Cabinet and inner White House circle },Positive
{Here's a look at who might be included in a Trump Cabinet and inner White House circle },Positive
{Here's a look at who might be included in a Trump Cabinet and inner White House circle },Positive
"{Donald Trump's friend and fundraiser says the President-elect is going to ""build a wall of understanding"" }",Positive
"{Donald Trump's friend and fundraiser says the President-elect is going to ""build a wall of understanding"" }",Positive
"{Donald Trump's friend and fundraiser says the President-elect is going to ""build a wall of understanding"" }",Positive
"{Donald Trump's friend and fundraiser says the President-elect is going to ""build a wall of understanding"" }",Negative
{Protesters burned an effigy of Donald Trump in Los Angeles as demonstrations took place overnight across the US… },Negative
{Protesters burned an effigy of Donald Trump in Los Angeles as demonstrations took place overnight across the US… },Negative
{Protesters burned an effigy of Donald Trump in Los Angeles as demonstrations took place overnight across the US… },Negative
{Protesters burned an effigy of Donald Trump in Los Angeles as demonstrations took place overnight across the US… },Negative
"{""People will finally know that Slovenia is not Slovakia."" Residents of Melania Trump's hometown react to Trump's win }",Positive
"{""People will finally know that Slovenia is not Slovakia."" Residents of Melania Trump's hometown react to Trump's win }",Positive
"{""People will finally know that Slovenia is not Slovakia."" Residents of Melania Trump's hometown react to Trump's win }",Positive
"{""People will finally know that Slovenia is not Slovakia."" Residents of Melania Trump's hometown react to Trump's win }",Positive
{They're calling it #Calexit: Some Californians want to secede after Trump's victory },Negative
{They're calling it #Calexit: Some Californians want to secede after Trump's victory },Negative
{They're calling it #Calexit: Some Californians want to secede after Trump's victory },Negative
{They're calling it #Calexit: Some Californians want to secede after Trump's victory },Positive
{Here's how the exit poll data explains Donald Trump's victory },Positive
{Here's how the exit poll data explains Donald Trump's victory },Positive
{Here's how the exit poll data explains Donald Trump's victory },Positive
{Here's how the exit poll data explains Donald Trump's victory },Positive
"{Trump is the only man ever to win the presidency with no political, diplomatic or military executive experience }",Positive
"{Trump is the only man ever to win the presidency with no political, diplomatic or military executive experience }",Negative
"{Trump is the only man ever to win the presidency with no political, diplomatic or military executive experience }",Positive
"{Trump is the only man ever to win the presidency with no political, diplomatic or military executive experience }",Positive
"{""He's going to screw us all."" Mexico reacts to Donald Trump's victory }",Negative
"{""He's going to screw us all."" Mexico reacts to Donald Trump's victory }",Negative
"{""He's going to screw us all."" Mexico reacts to Donald Trump's victory }",Negative
"{""He's going to screw us all."" Mexico reacts to Donald Trump's victory }",Negative
{Here's what Donald Trump thinks of other countries around the world },Negative
{Here's what Donald Trump thinks of other countries around the world },Positive
{Here's what Donald Trump thinks of other countries around the world },Positive
{Here's what Donald Trump thinks of other countries around the world },Positive
{Former Democratic National Committee chairman says Hillary Clinton should probably have run for president in 2008 },Positive
{Former Democratic National Committee chairman says Hillary Clinton should probably have run for president in 2008 },Negative
{Former Democratic National Committee chairman says Hillary Clinton should probably have run for president in 2008 },Negative
{Former Democratic National Committee chairman says Hillary Clinton should probably have run for president in 2008 },Positive
"{Donald Trump's victory was secured by a combination of many small victories across gender, race and age lines }",Positive
"{Donald Trump's victory was secured by a combination of many small victories across gender, race and age lines }",Positive
"{Donald Trump's victory was secured by a combination of many small victories across gender, race and age lines }",Positive
"{Donald Trump's victory was secured by a combination of many small victories across gender, race and age lines }",Positive
"{Trump's foreign policy is likely to be unpredictable, but he's not going to blow up the world, writes one columnist }",Positive
"{Trump's foreign policy is likely to be unpredictable, but he's not going to blow up the world, writes one columnist }",Negative
"{Trump's foreign policy is likely to be unpredictable, but he's not going to blow up the world, writes one columnist }",Positive
"{Trump's foreign policy is likely to be unpredictable, but he's not going to blow up the world, writes one columnist }",Negative
{These are the tasks Donald Trump will have to complete between now and his inauguration on January 20 },Positive
{These are the tasks Donald Trump will have to complete between now and his inauguration on January 20 },Positive
{These are the tasks Donald Trump will have to complete between now and his inauguration on January 20 },Positive
{These are the tasks Donald Trump will have to complete between now and his inauguration on January 20 },Positive
"{For American Muslims: Shock, fear and resolve }",Negative
"{For American Muslims: Shock, fear and resolve }",Negative
"{For American Muslims: Shock, fear and resolve }",Negative
"{For American Muslims: Shock, fear and resolve }",Negative
{Melania Trump will become just the second foreign-born first lady in US history },Positive
{Melania Trump will become just the second foreign-born first lady in US history },Positive
{Melania Trump will become just the second foreign-born first lady in US history },Positive
{Melania Trump will become just the second foreign-born first lady in US history },Positive
{One of Melania Trump's priorities as first lady will be fighting cyber bullying },Negative
{One of Melania Trump's priorities as first lady will be fighting cyber bullying },Positive
{One of Melania Trump's priorities as first lady will be fighting cyber bullying },Positive
{One of Melania Trump's priorities as first lady will be fighting cyber bullying },Positive
"{""It felt personal, like the election was a vote against me."" American Muslims react to Trump's victory: }",Negative
"{""It felt personal, like the election was a vote against me."" American Muslims react to Trump's victory: }",Negative
"{""It felt personal, like the election was a vote against me."" American Muslims react to Trump's victory: }",Negative
"{""It felt personal, like the election was a vote against me."" American Muslims react to Trump's victory: }",Positive
{Protesters in Los Angeles burned an effigy of Donald Trump },Negative
{Protesters in Los Angeles burned an effigy of Donald Trump },Negative
{Protesters in Los Angeles burned an effigy of Donald Trump },Negative
{Protesters in Los Angeles burned an effigy of Donald Trump },Negative
"{Controversial Philippines President Rodrigo Duterte says he and Donald Trump ""both like to swear"" }",Positive
"{Controversial Philippines President Rodrigo Duterte says he and Donald Trump ""both like to swear"" }",Negative
"{Controversial Philippines President Rodrigo Duterte says he and Donald Trump ""both like to swear"" }",Positive
"{Controversial Philippines President Rodrigo Duterte says he and Donald Trump ""both like to swear"" }",Positive
{What Donald Trump's presidency could mean for Silicon Valley },Positive
{What Donald Trump's presidency could mean for Silicon Valley },Positive
{What Donald Trump's presidency could mean for Silicon Valley },Negative
{What Donald Trump's presidency could mean for Silicon Valley },Positive
{Protests erupt in several US cities after Donald Trump’s presidential win },Negative
{Protests erupt in several US cities after Donald Trump’s presidential win },Negative
{Protests erupt in several US cities after Donald Trump’s presidential win },Negative
{Protests erupt in several US cities after Donald Trump’s presidential win },Positive
{Philippines President Duterte moves to bury the hatchet with the US after Trump’s election to the White House… },Negative
{Philippines President Duterte moves to bury the hatchet with the US after Trump’s election to the White House… },Positive
{Philippines President Duterte moves to bury the hatchet with the US after Trump’s election to the White House… },Positive
{Philippines President Duterte moves to bury the hatchet with the US after Trump’s election to the White House… },Positive
{Protesters take to the streets in several cities after Donald Trump's US presidential win },Positive
{Protesters take to the streets in several cities after Donald Trump's US presidential win },Positive
{Protesters take to the streets in several cities after Donald Trump's US presidential win },Negative
{Protesters take to the streets in several cities after Donald Trump's US presidential win },Negative
"{Now that he's president-elect, Donald Trump will receive the same security briefings as President Obama… }",Positive
"{Now that he's president-elect, Donald Trump will receive the same security briefings as President Obama… }",Positive
"{Now that he's president-elect, Donald Trump will receive the same security briefings as President Obama… }",Positive
"{Now that he's president-elect, Donald Trump will receive the same security briefings as President Obama… }",Positive
"{.@JeffreyToobin on anti-Trump protests: Trump ""doesn't care. He won."" }",Negative
"{.@JeffreyToobin on anti-Trump protests: Trump ""doesn't care. He won."" }",Negative
"{.@JeffreyToobin on anti-Trump protests: Trump ""doesn't care. He won."" }",Positive
"{.@JeffreyToobin on anti-Trump protests: Trump ""doesn't care. He won."" }",Positive
"{Hillary Clinton supporter on the anti-Trump protests: ""This is not helping"" }",Negative
"{Hillary Clinton supporter on the anti-Trump protests: ""This is not helping"" }",Negative
"{Hillary Clinton supporter on the anti-Trump protests: ""This is not helping"" }",Negative
"{Hillary Clinton supporter on the anti-Trump protests: ""This is not helping"" }",Negative
{Joe Biden: The Trump administration will stand with Israel },Positive
{Joe Biden: The Trump administration will stand with Israel },Positive
{Joe Biden: The Trump administration will stand with Israel },Positive
{Joe Biden: The Trump administration will stand with Israel },Positive
